City_ID,City,Lat,Lng,Max Temp,Humidity,Cloudiness,Wind Speed,Country,Date
0,Punta Arenas,-53.15,-70.9167,60.91,51,90,20.71,CL,2021-10-28 21:40:03
1,Provideniya,64.3833,-173.3,15.91,67,90,8.95,RU,2021-10-28 21:40:04
2,Yar-Sale,66.8333,70.8333,22.75,96,100,12.24,RU,2021-10-28 21:37:48
3,Ushuaia,-54.8,-68.3,60.46,36,20,13.8,AR,2021-10-28 21:36:21
4,Vardo,70.3705,31.1107,32.2,93,100,25.55,NO,2021-10-28 21:36:51
5,Saint George,37.1041,-113.5841,77.47,31,1,4.0,US,2021-10-28 21:37:00
6,Timra,62.487,17.3257,37.11,100,90,3.44,SE,2021-10-28 21:40:06
7,New Norfolk,-42.7826,147.0587,47.7,79,100,5.01,AU,2021-10-28 21:40:07
8,Dekernes,31.0876,31.595,76.89,80,55,6.24,EG,2021-10-28 21:40:07
9,Palu,-0.8917,119.8707,74.91,94,97,3.0,ID,2021-10-28 21:40:08
10,Kupang,-10.1667,123.5833,80.94,80,95,5.01,ID,2021-10-28 21:40:09
11,Asfi,32.2994,-9.2372,66.15,89,7,9.73,MA,2021-10-28 21:40:09
12,Puerto Ayora,-0.7393,-90.3518,78.76,90,35,5.01,EC,2021-10-28 21:40:10
13,Argir,61.9959,-6.7715,49.17,89,33,21.18,FO,2021-10-28 21:40:10
14,Tucupita,9.0622,-62.051,76.15,89,99,4.03,VE,2021-10-28 21:40:11
15,Victoria,22.2855,114.1577,77.38,87,83,1.01,HK,2021-10-28 21:37:49
16,Busselton,-33.65,115.3333,47.1,80,60,7.65,AU,2021-10-28 21:40:11
17,Birao,10.2849,22.7882,78.37,35,57,2.86,CF,2021-10-28 21:40:12
18,Mar Del Plata,-38.0023,-57.5575,75.22,82,0,15.01,AR,2021-10-28 21:39:11
19,Richland,40.7834,-82.5499,62.62,70,1,10.36,US,2021-10-28 21:40:12
20,Port Lincoln,-34.7333,135.8667,55.47,70,59,17.43,AU,2021-10-28 21:40:13
21,San Julian,21.0167,-102.1667,79.2,22,100,3.44,MX,2021-10-28 21:40:13
22,Rikitea,-23.1203,-134.9692,75.42,81,86,18.61,PF,2021-10-28 21:40:14
23,Hithadhoo,-0.6,73.0833,82.89,75,100,12.95,MV,2021-10-28 21:40:14
24,Polunochnoye,60.8697,60.4153,21.09,63,35,16.67,RU,2021-10-28 21:40:14
25,Bermejo,-32.8833,-68.8,96.71,19,20,11.5,AR,2021-10-28 21:40:15
26,Cape Town,-33.9258,18.4232,63.09,73,75,1.99,ZA,2021-10-28 21:36:04
27,Sakakah,29.9697,40.2064,69.37,28,79,5.93,SA,2021-10-28 21:40:16
28,Kruisfontein,-34.0033,24.7314,67.89,77,100,14.25,ZA,2021-10-28 21:40:16
29,Albany,42.6001,-73.9662,54.01,79,0,1.79,US,2021-10-28 21:40:16
30,Jamestown,42.097,-79.2353,60.3,79,100,9.82,US,2021-10-28 21:37:26
31,Matagami,49.7502,-77.6328,53.71,43,1,4.61,CA,2021-10-28 21:40:17
32,Qaanaaq,77.484,-69.3632,21.0,89,100,6.85,GL,2021-10-28 21:38:04
33,Teya,60.3778,92.6267,26.58,84,100,8.84,RU,2021-10-28 21:40:18
34,Carnarvon,-24.8667,113.6333,62.67,59,0,18.41,AU,2021-10-28 21:40:18
35,Port Elizabeth,-33.918,25.5701,70.11,94,90,4.61,ZA,2021-10-28 21:40:19
36,Kavieng,-2.5744,150.7967,84.34,72,72,9.01,PG,2021-10-28 21:40:19
37,Changli,39.7042,119.1506,50.04,76,76,1.21,CN,2021-10-28 21:40:19
38,Shieli,44.1667,66.75,46.33,59,100,7.09,KZ,2021-10-28 21:40:20
39,The Valley,18.217,-63.0578,82.54,69,40,8.05,AI,2021-10-28 21:40:20
40,Vaini,-21.2,-175.2,78.96,78,75,9.22,TO,2021-10-28 21:40:21
41,Udachnyy,66.4167,112.4,6.37,93,100,18.68,RU,2021-10-28 21:40:21
42,Zaysan,47.4667,84.8667,44.28,82,90,2.15,KZ,2021-10-28 21:39:20
43,Tiksi,71.6872,128.8694,11.66,96,100,4.74,RU,2021-10-28 21:40:22
44,Cockburn Town,21.4612,-71.1419,82.74,68,2,5.64,TC,2021-10-28 21:40:22
45,East London,-33.0153,27.9116,66.56,96,100,9.8,ZA,2021-10-28 21:40:22
46,Kudat,6.8837,116.8477,75.29,100,20,0.0,MY,2021-10-28 21:41:23
47,Pevek,69.7008,170.3133,1.63,94,100,4.85,RU,2021-10-28 21:41:23
48,Grindavik,63.8424,-22.4338,41.47,87,90,13.8,IS,2021-10-28 21:41:24
49,Ruteng,-8.6136,120.4721,63.81,91,100,1.14,ID,2021-10-28 21:41:25
50,Ola,59.5833,151.2833,25.29,95,85,4.56,RU,2021-10-28 21:41:25
51,Arraial Do Cabo,-22.9661,-42.0278,73.36,94,75,14.97,BR,2021-10-28 21:40:32
52,Koping,59.514,15.9926,53.53,90,87,8.43,SE,2021-10-28 21:41:26
53,Yellowknife,62.456,-114.3525,36.41,99,90,5.75,CA,2021-10-28 21:40:58
54,Ville-Marie,47.3335,-79.433,53.6,66,26,5.55,CA,2021-10-28 21:41:26
55,Chapais,49.7834,-74.8492,51.58,56,0,5.44,CA,2021-10-28 21:41:27
56,Kapaa,22.0752,-159.319,82.38,89,75,5.01,US,2021-10-28 21:41:27
57,Hobart,-42.8794,147.3294,48.06,93,75,3.0,AU,2021-10-28 21:41:27
58,Samarai,-10.6167,150.6667,83.26,78,25,11.43,PG,2021-10-28 21:41:28
59,Kodiak,57.79,-152.4072,40.51,52,1,0.0,US,2021-10-28 21:41:22
60,Mitsamiouli,-11.3847,43.2844,78.87,75,9,2.51,KM,2021-10-28 21:41:29
61,Suhbaatar,50.2314,106.2078,32.41,69,100,7.54,MN,2021-10-28 21:41:30
62,Luwuk,-0.9516,122.7875,78.4,81,51,1.28,ID,2021-10-28 21:41:30
63,Mount Isa,-20.7333,139.5,73.17,94,87,4.61,AU,2021-10-28 21:39:13
64,San Quintin,30.4833,-115.95,75.79,37,0,6.69,MX,2021-10-28 21:41:31
65,Natal,-5.795,-35.2094,80.82,74,0,11.5,BR,2021-10-28 21:41:31
66,Ostrovnoy,68.0531,39.5131,28.15,76,100,16.82,RU,2021-10-28 21:41:31
67,Faanui,-16.4833,-151.75,78.55,79,34,8.34,PF,2021-10-28 21:39:22
68,La Asuncion,11.0333,-63.8628,78.85,84,75,10.09,VE,2021-10-28 21:41:32
69,Port Blair,11.6667,92.75,80.6,81,42,9.44,IN,2021-10-28 21:41:32
70,Veraval,20.9,70.3667,78.85,52,54,11.27,IN,2021-10-28 21:41:33
71,Port Alfred,-33.5906,26.891,66.94,96,100,6.22,ZA,2021-10-28 21:41:33
72,Henties Bay,-22.116,14.2845,60.85,90,11,7.38,NA,2021-10-28 21:41:34
73,Nuevo Progreso,23.1667,-97.95,88.59,22,34,8.01,MX,2021-10-28 21:41:34
74,Avarua,-21.2078,-159.775,75.25,69,11,11.5,CK,2021-10-28 21:41:35
75,Hasaki,35.7333,140.8333,54.0,54,93,27.47,JP,2021-10-28 21:41:35
76,Cayenne,4.9333,-52.3333,83.08,77,0,1.01,GF,2021-10-28 21:41:35
77,Moba,33.2288,105.0179,42.84,89,100,2.28,CN,2021-10-28 21:41:36
78,Imbituba,-28.24,-48.6703,71.49,80,67,5.03,BR,2021-10-28 21:41:36
79,Saldanha,-33.0117,17.9442,60.85,89,18,14.38,ZA,2021-10-28 21:41:37
80,Barrow,71.2906,-156.7887,21.22,86,90,12.66,US,2021-10-28 21:41:37
81,Bluff,-46.6,168.3333,57.72,82,49,7.18,NZ,2021-10-28 21:40:42
82,Ilulissat,69.2167,-51.1,26.62,63,75,12.66,GL,2021-10-28 21:41:38
83,Kropotkin,45.4375,40.5756,43.79,56,100,5.82,RU,2021-10-28 21:41:38
84,Longyearbyen,78.2186,15.6401,17.44,73,0,8.05,SJ,2021-10-28 21:40:46
85,Cherskiy,68.75,161.3,-14.53,93,89,3.69,RU,2021-10-28 21:41:39
86,Japura,-0.3167,102.35,74.16,98,99,2.24,ID,2021-10-28 21:41:40
87,Tarakan,3.3,117.6333,78.3,94,40,6.91,ID,2021-10-28 21:41:41
88,Alofi,-19.0595,-169.9187,80.49,65,75,12.66,NU,2021-10-28 21:41:41
89,Slave Lake,55.2834,-114.769,46.38,57,20,8.05,CA,2021-10-28 21:42:42
90,Aklavik,68.2191,-135.0107,27.43,95,73,3.85,CA,2021-10-28 21:42:42
91,Vostok,46.4856,135.8833,29.3,92,2,3.87,RU,2021-10-28 21:42:43
92,Tariba,7.8188,-72.2243,77.56,90,58,4.03,VE,2021-10-28 21:42:44
93,Doha,25.2867,51.5333,82.29,74,0,3.44,QA,2021-10-28 21:41:53
94,Coquimbo,-29.9533,-71.3436,58.73,82,75,9.22,CL,2021-10-28 21:42:45
95,Nikolskoye,59.7035,30.7861,46.87,93,100,10.83,RU,2021-10-28 21:42:45
96,Butaritari,3.0707,172.7902,82.11,70,7,12.15,KI,2021-10-28 21:42:46
97,Bethel,41.3712,-73.414,54.72,75,2,4.32,US,2021-10-28 21:39:07
98,Hermanus,-34.4187,19.2345,61.9,89,15,8.75,ZA,2021-10-28 21:40:54
99,Cidreira,-30.1811,-50.2056,68.49,83,0,17.0,BR,2021-10-28 21:41:10
100,Dumra,26.5667,85.5167,67.17,72,0,5.23,IN,2021-10-28 21:42:48
101,Tateyama,34.9833,139.8667,57.22,60,43,20.11,JP,2021-10-28 21:42:48
102,Luderitz,-26.6481,15.1594,57.85,89,3,5.88,NA,2021-10-28 21:42:49
103,Tabat,-2.635,115.2274,73.04,98,95,0.81,ID,2021-10-28 21:42:49
104,Delta,5.5,6.0,75.61,94,97,3.04,NG,2021-10-28 21:42:49
105,Mataura,-46.1927,168.8643,64.22,61,24,1.5,NZ,2021-10-28 21:42:50
106,Atuona,-9.8,-139.0333,78.66,67,1,16.53,PF,2021-10-28 21:42:50
107,Vanimo,-2.6741,141.3028,79.18,86,94,4.29,PG,2021-10-28 21:42:51
108,Bengkulu,-3.8004,102.2655,77.07,85,100,3.2,ID,2021-10-28 21:42:51
109,Sitka,57.0531,-135.33,44.49,70,40,9.22,US,2021-10-28 21:42:08
110,Cairns,-16.9167,145.7667,83.95,78,30,9.22,AU,2021-10-28 21:42:52
111,Vuktyl,63.8567,57.3094,19.27,89,89,14.34,RU,2021-10-28 21:42:52
112,Cabo San Lucas,22.8909,-109.9124,89.62,60,0,4.72,MX,2021-10-28 21:41:32
113,Ajdabiya,30.7554,20.2263,70.74,75,88,6.78,LY,2021-10-28 21:42:53
114,Mkokotoni,-5.8767,39.2547,76.12,85,87,4.65,TZ,2021-10-28 21:42:53
115,Caravelas,-17.7125,-39.2481,74.95,71,4,7.43,BR,2021-10-28 21:42:54
116,Shaoyang,27.2315,111.4525,58.44,93,100,3.27,CN,2021-10-28 21:42:54
117,Bilma,18.6853,12.9164,81.95,16,59,5.73,NE,2021-10-28 21:42:54
118,Huarmey,-10.0681,-78.1522,67.48,78,59,10.11,PE,2021-10-28 21:42:55
119,Tuktoyaktuk,69.4541,-133.0374,26.6,100,90,4.61,CA,2021-10-28 21:42:55
120,Tuatapere,-46.1333,167.6833,62.82,65,54,3.11,NZ,2021-10-28 21:42:56
121,Le Moule,16.3332,-61.3473,80.64,100,89,7.45,GP,2021-10-28 21:42:56
122,Thompson,55.7435,-97.8558,39.36,93,90,8.05,CA,2021-10-28 21:42:57
123,Iqaluit,63.7506,-68.5145,38.93,55,90,11.01,CA,2021-10-28 21:41:06
124,Tasiilaq,65.6145,-37.6368,32.16,73,66,8.5,GL,2021-10-28 21:42:57
125,Stonewall,50.1344,-97.3268,48.02,59,23,9.26,CA,2021-10-28 21:42:58
126,Falmouth,50.1544,-5.0711,58.78,100,75,16.11,GB,2021-10-28 21:38:01
127,Upata,8.0086,-62.3989,74.77,83,94,3.78,VE,2021-10-28 21:42:59
128,Carbonia,39.1672,8.5222,61.02,86,100,2.19,IT,2021-10-28 21:42:59
129,Litovko,49.2361,135.1742,33.4,77,0,2.15,RU,2021-10-28 21:43:00
130,Miraflores,19.2167,-98.8083,73.02,65,68,4.14,MX,2021-10-28 21:43:00
131,Diu,20.7141,70.9822,77.09,42,91,11.07,IN,2021-10-28 21:43:00
132,Tianpeng,30.9866,103.9393,57.67,88,100,2.91,CN,2021-10-28 21:43:01
133,Esperance,-33.8667,121.9,49.84,74,84,10.49,AU,2021-10-28 21:40:15
134,Barsovo,61.1667,73.1667,32.13,98,100,13.44,RU,2021-10-28 21:43:02
135,Margate,51.3813,1.3862,59.31,79,54,4.0,GB,2021-10-28 21:44:03
136,Ulladulla,-35.35,150.4667,81.5,42,12,11.54,AU,2021-10-28 21:44:03
137,Severo-Kurilsk,50.6789,156.125,42.58,93,100,8.5,RU,2021-10-28 21:44:04
138,Kuching,1.55,110.3333,75.42,94,20,1.14,MY,2021-10-28 21:44:04
139,Kolokani,13.5728,-8.0339,78.69,63,88,9.08,ML,2021-10-28 21:44:05
140,Te Anau,-45.4167,167.7167,59.61,64,12,0.87,NZ,2021-10-28 21:44:06
141,Bonnyville,54.2668,-110.735,48.0,22,2,9.35,CA,2021-10-28 21:44:06
142,Palmer,42.1584,-72.3287,53.2,67,20,4.61,US,2021-10-28 21:44:06
143,Ajaccio,42.0,8.9167,53.76,88,90,5.75,FR,2021-10-28 21:44:07
144,Ponta Do Sol,32.6667,-17.1,69.71,74,72,5.73,PT,2021-10-28 21:44:07
145,Arlit,18.7369,7.3853,84.27,11,21,8.34,NE,2021-10-28 21:44:08
146,Mangrol,21.1167,70.1167,79.07,58,61,9.26,IN,2021-10-28 21:44:08
147,Bredasdorp,-34.5322,20.0403,58.32,88,20,2.3,ZA,2021-10-28 21:40:24
148,Rio Gallegos,-51.6226,-69.2181,73.45,28,40,10.36,AR,2021-10-28 21:40:32
149,Shaunavon,49.6501,-108.4181,51.58,30,25,10.87,CA,2021-10-28 21:43:13
150,Mitu,1.1983,-70.1733,73.9,91,99,1.68,CO,2021-10-28 21:44:10
151,Dikson,73.5069,80.5464,9.14,92,100,9.04,RU,2021-10-28 21:44:10
152,Airai,-8.9266,125.4092,63.3,77,99,1.5,TL,2021-10-28 21:44:10
153,Lata,40.1629,-8.3327,63.01,89,100,8.61,PT,2021-10-28 21:44:11
154,Diffa,13.3154,12.6113,84.42,12,21,7.85,NE,2021-10-28 21:44:11
155,Hamilton,39.1834,-84.5333,56.08,96,90,1.99,US,2021-10-28 21:41:08
156,Mindelo,16.8901,-24.9804,76.55,73,40,28.77,CV,2021-10-28 21:44:12
157,Saint-Raphael,19.4333,-72.2,78.31,69,57,3.13,HT,2021-10-28 21:44:12
158,Geraldton,-28.7667,114.6,43.21,87,3,4.61,AU,2021-10-28 21:44:13
159,Tromso,69.6496,18.957,43.45,87,75,1.01,NO,2021-10-28 21:40:07
160,Tuy Hoa,13.0833,109.3,75.97,92,100,4.05,VN,2021-10-28 21:44:13
161,Havre-Saint-Pierre,50.2334,-63.5986,46.4,81,1,5.75,CA,2021-10-28 21:44:14
162,Nizhniy Tsasuchey,50.5167,115.1333,33.62,77,21,7.7,RU,2021-10-28 21:44:14
163,Norman Wells,65.282,-126.8329,23.04,86,90,8.05,CA,2021-10-28 21:44:15
164,Khatanga,71.9667,102.5,-7.96,97,99,9.93,RU,2021-10-28 21:44:16
165,Olafsvik,64.8945,-23.7142,41.97,89,87,33.11,IS,2021-10-28 21:44:16
166,Karaj,35.8355,51.0103,49.78,43,0,11.5,IR,2021-10-28 21:44:17
167,Rio Grande,-32.035,-52.0986,77.11,84,0,14.14,BR,2021-10-28 21:44:17
168,Longhua,23.6137,114.1919,65.64,77,10,2.71,CN,2021-10-28 21:44:17
169,Bathsheba,13.2167,-59.5167,83.01,69,20,11.5,BB,2021-10-28 21:42:16
170,Souillac,-20.5167,57.5167,75.36,88,40,11.5,MU,2021-10-28 21:44:18
171,Kaitangata,-46.2817,169.8464,60.17,70,54,5.26,NZ,2021-10-28 21:40:50
172,Katobu,-4.9408,122.5276,76.32,90,84,2.64,ID,2021-10-28 21:44:19
173,Yanam,16.7333,82.2167,78.21,84,100,8.68,IN,2021-10-28 21:44:19
174,Igarka,67.4667,86.5833,9.75,88,100,16.28,RU,2021-10-28 21:44:19
175,Aguimes,27.9054,-15.4461,66.83,58,20,10.36,ES,2021-10-28 21:45:20
176,Itarema,-2.9248,-39.9167,80.24,77,12,15.86,BR,2021-10-28 21:45:20
177,College,64.8569,-147.8028,25.29,91,90,0.0,US,2021-10-28 21:41:51
178,San Cristobal,7.7669,-72.225,77.18,89,60,4.25,VE,2021-10-28 21:41:10
179,Georgetown,5.4112,100.3354,78.73,88,40,1.01,MY,2021-10-28 21:40:27
180,Mehamn,71.0357,27.8492,30.11,94,100,12.88,NO,2021-10-28 21:45:21
181,Dire Dawa,9.5931,41.8661,66.2,33,1,2.86,ET,2021-10-28 21:45:22
182,Nemuro,43.3236,145.575,49.73,78,40,25.86,JP,2021-10-28 21:45:22
183,Jalu,29.0331,21.5482,73.38,42,19,4.88,LY,2021-10-28 21:45:23
184,Chokurdakh,70.6333,147.9167,-9.67,97,95,4.05,RU,2021-10-28 21:45:23
185,Banswada,18.3833,77.8833,66.74,67,97,6.44,IN,2021-10-28 21:45:24
186,Bonavista,48.6499,-53.1147,39.11,74,100,16.06,CA,2021-10-28 21:45:24
187,Clarence Town,-32.5833,151.7833,81.07,44,100,8.39,AU,2021-10-28 21:45:24
188,Piacabucu,-10.4056,-36.4344,76.3,82,63,8.55,BR,2021-10-28 21:45:25
189,Kenai,60.5544,-151.2583,34.03,90,90,12.66,US,2021-10-28 21:40:46
190,Mogadishu,2.0371,45.3438,79.18,74,77,8.16,SO,2021-10-28 21:45:25
191,Saint-Augustin,51.226,-58.6502,38.39,79,0,4.29,CA,2021-10-28 21:45:26
192,Taltal,-25.4,-70.4833,66.24,62,22,5.55,CL,2021-10-28 21:45:26
193,Stepnogorsk,52.3544,71.8869,34.59,46,100,18.9,KZ,2021-10-28 21:45:27
194,Hualmay,-11.0964,-77.6139,66.65,76,63,10.87,PE,2021-10-28 21:45:27
195,Ambunti,-4.2365,142.8448,76.91,94,94,2.08,PG,2021-10-28 21:45:27
196,Jining,35.405,116.5814,54.07,73,29,6.13,CN,2021-10-28 21:44:35
197,Vila,42.0304,-8.1588,51.33,93,100,6.71,PT,2021-10-28 21:44:48
198,Bambous Virieux,-20.3428,57.7575,75.22,88,40,11.5,MU,2021-10-28 21:44:16
199,Whangamata,-37.2,175.8667,66.09,86,36,4.94,NZ,2021-10-28 21:45:28
200,Altamira,-3.2033,-52.2064,84.29,79,20,0.0,BR,2021-10-28 21:45:29
201,Belaya Gora,68.5333,146.4167,2.55,96,100,1.95,RU,2021-10-28 21:45:29
202,Russkaya Polyana,49.417,31.9201,51.28,83,95,3.49,UA,2021-10-28 21:45:30
203,Da Nang,16.0678,108.2208,76.98,94,75,0.0,VN,2021-10-28 21:45:30
204,Mbandaka,0.0487,18.2603,72.01,93,93,1.03,CD,2021-10-28 21:45:31
205,Luneburg,53.25,10.4,51.98,86,3,5.82,DE,2021-10-28 21:45:31
206,Chuy,-33.6971,-53.4616,66.18,78,0,9.66,UY,2021-10-28 21:45:32
207,Peniche,39.3558,-9.3811,65.68,88,100,19.66,PT,2021-10-28 21:45:32
208,Nakusp,50.2499,-117.8023,40.48,97,100,1.88,CA,2021-10-28 21:45:33
209,Pangai,-19.8,-174.35,80.71,50,20,17.27,TO,2021-10-28 21:45:33
210,Isangel,-19.55,169.2667,80.71,83,20,5.75,VU,2021-10-28 21:45:33
211,Shelburne,44.0787,-80.2041,50.49,81,97,14.05,CA,2021-10-28 21:45:34
212,Clyde River,70.4692,-68.5914,32.23,100,90,3.44,CA,2021-10-28 21:45:34
213,Kyshtovka,56.555,76.6271,34.41,63,83,15.41,RU,2021-10-28 21:45:35
214,Klaksvik,62.2266,-6.589,49.12,89,63,23.11,FO,2021-10-28 21:45:36
215,Sungaipenuh,-2.0833,101.3833,65.79,92,99,1.32,ID,2021-10-28 21:45:36
216,Teahupoo,-17.8333,-149.2667,69.76,79,54,7.67,PF,2021-10-28 21:45:37
217,Cartagena,10.3997,-75.5144,87.42,70,40,8.05,CO,2021-10-28 21:45:37
218,Mucuri,-18.0864,-39.5508,75.96,73,6,10.8,BR,2021-10-28 21:44:10
219,Sorland,67.667,12.6934,49.06,82,100,30.87,NO,2021-10-28 21:44:44
220,Berlevag,70.8578,29.0864,30.15,86,75,23.02,NO,2021-10-28 21:45:25
221,Kahului,20.8947,-156.47,84.22,70,40,18.41,US,2021-10-28 21:45:38
222,Guerrero Negro,27.9769,-114.0611,82.96,28,0,10.76,MX,2021-10-28 21:45:39
223,Upernavik,72.7868,-56.1549,20.03,59,98,4.79,GL,2021-10-28 21:45:39
224,Kambove,-10.8764,26.5969,67.8,54,16,5.84,CD,2021-10-28 21:46:40
225,Grand Gaube,-20.0064,57.6608,75.38,72,10,3.0,MU,2021-10-28 21:46:40
226,Saint-Philippe,-21.3585,55.7679,73.47,80,3,5.73,RE,2021-10-28 21:46:41
227,Calbuco,-41.768,-73.1273,61.81,73,23,2.44,CL,2021-10-28 21:46:29
228,Vila Franca Do Campo,37.7167,-25.4333,70.21,87,99,12.3,PT,2021-10-28 21:46:41
229,Srednekolymsk,67.45,153.6833,-3.53,96,87,0.72,RU,2021-10-28 21:46:42
230,Buchanan,5.8808,-10.0467,75.16,86,88,3.89,LR,2021-10-28 21:46:42
231,Nanyamba,-10.6833,39.8333,69.85,93,20,3.36,TZ,2021-10-28 21:46:42
232,Sisimiut,66.9395,-53.6735,27.72,95,100,12.62,GL,2021-10-28 21:46:20
233,Hauterive,46.0901,3.4459,52.56,77,7,6.42,FR,2021-10-28 21:46:43
234,Muisne,0.6,-80.0333,82.51,83,84,9.86,EC,2021-10-28 21:46:43
235,Sarkand,45.41,79.9186,46.76,61,82,5.08,KZ,2021-10-28 21:46:45
236,Mayo,38.8876,-76.5119,65.28,75,90,3.0,US,2021-10-28 21:44:01
237,Lebu,-37.6167,-73.65,55.62,83,1,15.1,CL,2021-10-28 21:46:45
238,Atambua,-9.1061,124.8925,77.18,81,99,2.04,ID,2021-10-28 21:46:46
239,San Carlos De Bariloche,-41.1456,-71.3082,73.15,32,0,17.27,AR,2021-10-28 21:46:46
240,Labuhan,-6.8844,112.2051,79.05,84,100,5.82,ID,2021-10-28 21:46:47
241,Castro,-24.7911,-50.0119,62.55,95,90,8.9,BR,2021-10-28 21:44:08
242,Bloomfield,40.8068,-74.1854,58.03,72,40,1.01,US,2021-10-28 21:46:35
243,Ankang,32.68,109.0172,57.31,89,100,3.0,CN,2021-10-28 21:46:48
244,Tshikapa,-6.4167,20.8,71.51,97,100,0.78,CD,2021-10-28 21:46:48
245,Sao Filipe,14.8961,-24.4956,79.0,79,100,12.17,CV,2021-10-28 21:46:48
246,Salalah,17.0151,54.0924,78.89,78,75,2.3,OM,2021-10-28 21:46:49
247,Miri,4.4148,114.0089,75.34,100,40,3.44,MY,2021-10-28 21:46:49
248,Srivardhan,18.0333,73.0167,74.34,62,28,7.34,IN,2021-10-28 21:46:51
249,Kushmurun,52.4503,64.6311,37.54,64,77,15.88,KZ,2021-10-28 21:46:51
250,Barra Do Bugres,-15.0725,-57.1811,83.73,56,74,2.57,BR,2021-10-28 21:42:49
251,Shasta Lake,40.6804,-122.3708,81.93,37,3,1.01,US,2021-10-28 21:46:52
252,Kisangani,0.5167,25.2,70.77,99,100,1.77,CD,2021-10-28 21:46:52
253,Pahrump,36.2083,-115.9839,79.75,24,0,3.0,US,2021-10-28 21:46:53
254,Presidencia Roque Saenz Pena,-26.7852,-60.4388,88.09,27,0,6.73,AR,2021-10-28 21:45:52
255,Chifeng,42.2683,118.9636,45.27,49,98,5.37,CN,2021-10-28 21:46:53
256,Xining,36.6167,101.7667,36.32,76,40,1.12,CN,2021-10-28 21:46:54
257,Cotonou,6.3654,2.4183,80.1,78,18,4.5,BJ,2021-10-28 21:46:54
258,Wagar,16.1525,36.2032,82.76,57,10,16.53,SD,2021-10-28 21:46:54
259,Namibe,-15.1961,12.1522,66.85,69,36,6.73,AO,2021-10-28 21:46:30
260,Meulaboh,4.1363,96.1285,77.95,87,91,4.45,ID,2021-10-28 21:46:55
261,Ancud,-41.8697,-73.8203,60.33,69,36,7.94,CL,2021-10-28 21:46:35
262,Faya,18.3851,42.4509,59.11,60,2,3.87,SA,2021-10-28 21:46:05
263,Qaqortoq,60.7167,-46.0333,32.5,73,93,4.54,GL,2021-10-28 21:46:56
264,Flinders,-34.5833,150.8552,81.68,44,74,9.82,AU,2021-10-28 21:46:57
265,Damghan,36.1683,54.348,45.27,46,0,1.7,IR,2021-10-28 21:46:57
266,Inhambane,-23.865,35.3833,68.54,60,43,8.97,MZ,2021-10-28 21:46:58
267,Eusebio Ayala,-25.4,-56.9667,92.62,51,0,5.08,PY,2021-10-28 21:46:58
268,Maniwaki,46.3834,-75.966,55.78,38,0,3.44,CA,2021-10-28 21:44:09
269,Santa Rosalia,27.3167,-112.2833,80.92,34,0,12.71,MX,2021-10-28 21:46:59
270,Hilo,19.7297,-155.09,82.13,70,20,11.5,US,2021-10-28 21:47:59
271,Saskylakh,71.9167,114.0833,2.03,96,100,10.65,RU,2021-10-28 21:47:44
272,Nanortalik,60.1432,-45.2371,35.83,75,90,2.89,GL,2021-10-28 21:48:00
273,Brigantine,39.4101,-74.3646,60.01,82,90,9.22,US,2021-10-28 21:48:00
274,Coihaique,-45.5752,-72.0662,62.55,42,75,11.5,CL,2021-10-28 21:48:01
275,Baruun-Urt,46.6806,113.2792,37.96,51,100,5.86,MN,2021-10-28 21:48:02
276,Ust-Tsilma,65.441,52.1498,18.37,86,15,8.03,RU,2021-10-28 21:48:03
277,Marzuq,14.4,46.4667,71.91,31,6,0.6,YE,2021-10-28 21:46:37
278,Ucluelet,48.9329,-125.5528,51.1,91,100,4.7,CA,2021-10-28 21:48:04
279,Torbay,47.6666,-52.7314,39.58,93,90,18.41,CA,2021-10-28 21:43:59
280,Nome,64.5011,-165.4064,19.47,73,75,4.61,US,2021-10-28 21:45:59
281,Riyadh,24.6877,46.7219,78.94,17,99,9.35,SA,2021-10-28 21:48:04
282,Hohhot,40.8106,111.6522,32.29,74,0,4.47,CN,2021-10-28 21:48:05
283,Ribeira Grande,38.5167,-28.7,69.28,92,90,26.96,PT,2021-10-28 21:47:58
284,Chase,50.8165,-119.6857,43.14,99,100,2.86,CA,2021-10-28 21:48:06
285,Banff,51.1762,-115.5698,44.91,65,99,6.91,CA,2021-10-28 21:45:28
286,Ambilobe,-13.2,49.05,73.15,91,65,1.61,MG,2021-10-28 21:48:06
287,Catamarca,-28.4696,-65.7852,95.05,31,16,8.99,AR,2021-10-28 21:48:07
288,Dashitou,43.3067,128.5114,31.87,77,0,2.64,CN,2021-10-28 21:48:07
289,Pangkalanbuun,-2.6833,111.6167,73.15,97,100,0.78,ID,2021-10-28 21:48:08
290,Hami,42.8,93.45,48.07,37,38,4.76,CN,2021-10-28 21:48:08
291,Eyl,7.9803,49.8164,75.99,71,42,8.43,SO,2021-10-28 21:48:09
292,Port Macquarie,-31.4333,152.9167,80.49,44,90,18.41,AU,2021-10-28 21:47:12
293,Lorengau,-2.0226,147.2712,83.88,72,91,6.55,PG,2021-10-28 21:48:09
294,Ginda,30.6945,78.4932,48.15,36,0,6.85,IN,2021-10-28 21:48:10
295,Kpandae,8.4689,-0.0113,77.59,80,85,4.29,GH,2021-10-28 21:48:10
296,Hofn,64.2539,-15.2082,43.61,88,100,14.27,IS,2021-10-28 21:48:11
297,Gasa,31.5,34.4667,73.38,44,88,2.35,PS,2021-10-28 21:48:11
298,Lysyanka,49.2523,30.8295,49.46,87,88,4.85,UA,2021-10-28 21:48:11
299,San Patricio,28.017,-97.5169,87.78,18,0,16.98,US,2021-10-28 21:47:57
300,Sola,-13.8833,167.55,84.87,79,75,0.0,VU,2021-10-28 21:48:12
301,Bafia,4.75,11.2333,69.8,95,49,1.21,CM,2021-10-28 21:48:13
302,Lagoa,39.05,-27.9833,67.78,82,94,20.78,PT,2021-10-28 21:46:51
303,Lasa,46.6166,10.7002,43.68,44,7,3.85,IT,2021-10-28 21:44:24
304,Yarada,17.65,83.2667,80.92,78,75,2.3,IN,2021-10-28 21:48:14
305,Novikovo,51.1537,37.8879,42.93,91,49,7.4,RU,2021-10-28 21:48:14
306,Kintinku,-5.8833,35.2333,76.73,44,34,4.94,TZ,2021-10-28 21:48:15
307,Vlagtwedde,53.0275,7.1083,52.95,87,5,10.4,NL,2021-10-28 21:48:15
308,Rotifunk,8.2333,-12.6833,74.95,96,99,2.17,SL,2021-10-28 21:48:16
309,Pouebo,-20.4,164.5667,77.99,71,19,8.97,NC,2021-10-28 21:48:16
310,Shenjiamen,29.9576,122.298,63.99,65,20,8.99,CN,2021-10-28 21:48:17
311,Takoradi,4.8845,-1.7554,78.62,85,51,4.34,GH,2021-10-28 21:48:17
312,Cabcab,13.6268,124.0515,80.82,78,33,12.03,PH,2021-10-28 21:49:18
313,Dekar,-21.5333,21.9333,68.4,70,75,2.77,BW,2021-10-28 21:49:18
314,Saint Anthony,45.0205,-93.218,49.3,92,90,3.0,US,2021-10-28 21:49:19
315,Ayagoz,47.9714,80.4392,41.02,92,57,7.45,KZ,2021-10-28 21:49:19
316,Artyom,40.4723,50.333,44.74,78,19,11.43,AZ,2021-10-28 21:49:20
317,Yulara,-25.2406,130.9889,64.24,25,47,9.22,AU,2021-10-28 21:44:45
318,Kidal,18.4411,1.4078,87.24,15,52,6.02,ML,2021-10-28 21:45:44
319,Dunedin,-45.8742,170.5036,58.8,83,75,11.01,NZ,2021-10-28 21:47:51
320,Benalla,-36.55,145.9833,56.98,72,54,15.7,AU,2021-10-28 21:49:22
321,Zhob,31.3411,69.4481,55.81,20,0,2.39,PK,2021-10-28 21:44:25
322,Padang,-0.9492,100.3543,78.21,79,100,3.33,ID,2021-10-28 21:49:24
323,Lavrentiya,65.5833,-171.0,16.97,83,100,6.89,RU,2021-10-28 21:49:24
324,Montecristo,8.2971,-74.4733,82.17,81,88,1.43,CO,2021-10-28 21:49:25
325,Santa Cruz,-17.8,-63.1667,93.25,40,20,14.97,BO,2021-10-28 21:49:12
326,Limbang,4.75,115.0,79.11,99,98,3.27,MY,2021-10-28 21:49:26
327,Komsomolskiy,40.4272,71.7189,48.92,61,40,2.3,UZ,2021-10-28 21:49:26
328,Teknaf,20.8624,92.3058,76.24,86,79,4.88,BD,2021-10-28 21:49:27
329,Guia De Isora,28.2115,-16.7795,67.12,68,34,5.82,ES,2021-10-28 21:49:27
330,Atikokan,48.7555,-91.6216,43.79,91,100,2.89,CA,2021-10-28 21:49:28
331,Comodoro Rivadavia,-45.8667,-67.5,71.46,28,0,16.11,AR,2021-10-28 21:49:28
332,Svetlogorsk,52.6333,29.7333,50.79,96,99,4.09,BY,2021-10-28 21:49:29
333,Satka,55.0425,59.04,33.51,90,100,10.85,RU,2021-10-28 21:49:30
334,Kattivakkam,13.2167,80.3167,77.09,84,90,7.4,IN,2021-10-28 21:49:30
335,Hobyo,5.3505,48.5268,79.43,77,6,5.5,SO,2021-10-28 21:49:31
336,Praia Da Vitoria,38.7333,-27.0667,69.76,88,20,23.76,PT,2021-10-28 21:49:31
337,Seoul,37.5683,126.9778,47.71,90,0,3.44,KR,2021-10-28 21:46:12
338,Constitucion,-35.3333,-72.4167,61.83,66,11,16.08,CL,2021-10-28 21:47:46
339,Carauari,-4.8828,-66.8958,76.41,92,89,2.48,BR,2021-10-28 21:49:13
340,Saeby,57.3319,10.5225,49.93,89,2,15.03,DK,2021-10-28 21:49:33
341,La Ronge,55.1001,-105.2842,48.45,43,1,9.22,CA,2021-10-28 21:48:23
342,Ovsyanka,55.9575,92.5519,16.77,62,66,4.38,RU,2021-10-28 21:49:34
343,Boa Vista,2.8197,-60.6733,91.38,46,20,5.75,BR,2021-10-28 21:49:34
344,Samana,19.2056,-69.3369,85.96,84,40,6.91,DO,2021-10-28 21:45:11
345,Kerrville,30.0474,-99.1403,76.01,26,1,5.01,US,2021-10-28 21:47:08
346,Pinawa,50.1489,-95.8811,48.69,82,91,5.66,CA,2021-10-28 21:47:06
347,Pangnirtung,66.1451,-65.7125,32.0,100,90,9.22,CA,2021-10-28 21:49:27
348,Krasnodon,48.2923,39.7373,48.38,67,100,8.3,UA,2021-10-28 21:49:36
349,Kavaratti,10.5669,72.642,80.26,79,100,4.18,IN,2021-10-28 21:49:36
350,Hambantota,6.1241,81.1185,75.54,100,40,3.44,LK,2021-10-28 21:49:37
351,Dakar,14.6937,-17.4441,81.48,89,100,4.61,SN,2021-10-28 21:48:06
352,Alcaniz,41.05,-0.1333,58.08,80,99,6.49,ES,2021-10-28 21:49:37
353,Los Llanos De Aridane,28.6585,-17.9182,65.95,81,0,1.99,ES,2021-10-28 21:47:45
354,Pisco,-13.7,-76.2167,68.05,73,0,21.85,PE,2021-10-28 21:44:52
355,Fairbanks,64.8378,-147.7164,28.22,89,75,0.0,US,2021-10-28 21:46:10
356,Daan,33.0558,106.2958,55.56,96,100,2.19,CN,2021-10-28 21:49:39
357,Kalemie,-5.9475,29.1947,73.11,56,20,1.92,CD,2021-10-28 21:49:40
358,Gisborne,-38.6533,178.0042,59.95,98,100,7.7,NZ,2021-10-28 21:49:40
359,Jardim,-21.4803,-56.1381,75.78,80,67,5.7,BR,2021-10-28 21:50:40
360,Okhotsk,59.3833,143.3,21.97,90,60,9.13,RU,2021-10-28 21:50:41
361,Eureka,40.8021,-124.1637,75.67,74,20,1.99,US,2021-10-28 21:46:42
362,Flin Flon,54.7682,-101.865,48.04,66,40,11.5,CA,2021-10-28 21:50:41
363,Walvis Bay,-22.9575,14.5053,61.09,82,71,2.3,NA,2021-10-28 21:50:42
364,Umea,63.8284,20.2597,41.92,100,90,3.44,SE,2021-10-28 21:50:42
365,Pangody,65.85,74.4859,25.0,95,100,17.25,RU,2021-10-28 21:50:43
366,Katsuura,35.1333,140.3,57.31,56,87,21.88,JP,2021-10-28 21:50:43
367,Biak,-0.9131,122.8766,76.89,80,60,0.78,ID,2021-10-28 21:50:44
368,Dire,12.2833,-10.9667,73.8,88,96,3.53,ML,2021-10-28 21:50:44
369,Buluang,13.3068,123.3425,75.34,92,52,4.03,PH,2021-10-28 21:50:45
370,Buga,3.9009,-76.2978,85.71,82,77,3.27,CO,2021-10-28 21:50:45
371,Sistranda,63.7256,8.834,51.91,93,100,4.41,NO,2021-10-28 21:50:45
372,Weihai,37.5017,122.1136,56.62,66,100,4.9,CN,2021-10-28 21:50:46
373,Mae Hong Son,19.3003,97.9685,71.31,93,99,1.83,TH,2021-10-28 21:50:47
374,Almirante,9.3,-82.4,83.89,76,99,3.42,PA,2021-10-28 21:50:47
375,Olinda,-8.0089,-34.8553,82.13,65,40,11.5,BR,2021-10-28 21:50:48
376,Cap Malheureux,-19.9842,57.6142,75.47,72,11,1.99,MU,2021-10-28 21:50:48
377,Devils Lake,48.1128,-98.8651,55.51,52,1,14.0,US,2021-10-28 21:48:18
378,Sabancuy,18.9667,-91.1833,84.79,80,31,6.44,MX,2021-10-28 21:50:49
379,Kolobrzeg,54.1757,15.5834,50.97,100,10,11.12,PL,2021-10-28 21:50:49
380,Loksa,59.5764,25.7214,53.92,89,100,16.53,EE,2021-10-28 21:50:49
381,La Baneza,42.3003,-5.8977,53.65,71,100,15.66,ES,2021-10-28 21:50:50
382,Hvolsvollur,63.7533,-20.2243,41.81,85,84,9.55,IS,2021-10-28 21:50:50
383,Sao Felix Do Xingu,-6.6447,-51.995,83.53,47,47,2.01,BR,2021-10-28 21:50:51
384,Dmitriyevka,54.75,55.3333,35.15,77,100,10.98,RU,2021-10-28 21:50:52
385,Bilibino,68.0546,166.4372,-20.51,97,13,3.44,RU,2021-10-28 21:50:53
386,La Rioja,42.25,-2.5,53.04,57,100,7.47,ES,2021-10-28 21:50:53
387,Sayyan,15.1718,44.3244,55.11,30,6,9.89,YE,2021-10-28 21:50:54
388,Ballina,-28.8667,153.5667,77.77,83,100,5.75,AU,2021-10-28 21:50:54
389,Lethem,3.3803,-59.7968,91.45,58,20,13.8,GY,2021-10-28 21:50:55
390,Volchansk,59.9378,60.081,21.92,60,32,15.99,RU,2021-10-28 21:50:55
391,Chara,56.9064,118.2631,18.14,78,76,5.88,RU,2021-10-28 21:50:56
392,Pozhva,59.0912,56.0847,22.32,82,96,13.0,RU,2021-10-28 21:50:56
393,Ribnitz-Damgarten,54.25,12.4667,53.11,69,6,10.13,DE,2021-10-28 21:50:56
394,Kieta,-6.2167,155.6333,83.62,70,68,3.27,PG,2021-10-28 21:50:57
395,Zhanakorgan,43.9098,67.2495,46.38,68,100,5.77,KZ,2021-10-28 21:50:58
396,Laem Sing,12.4816,102.0738,84.15,89,65,4.7,TH,2021-10-28 21:50:58
397,Vilhena,-12.7406,-60.1458,84.42,54,20,3.44,BR,2021-10-28 21:50:58
398,Sosua,19.7667,-70.5167,91.38,79,20,0.0,DO,2021-10-28 21:50:59
399,Mecca,21.4267,39.8261,80.71,53,57,5.84,SA,2021-10-28 21:50:59
400,Warmbad,-28.45,18.7333,64.78,48,0,6.53,NA,2021-10-28 21:51:00
401,Kamenka,51.3223,42.7678,44.24,94,100,8.59,RU,2021-10-28 21:51:00
402,Giyani,-23.3025,30.7187,64.45,70,6,8.16,ZA,2021-10-28 21:51:01
403,Sibolga,1.7427,98.7792,77.31,76,100,3.56,ID,2021-10-28 21:51:01
404,Semey,50.4111,80.2275,35.26,86,28,6.93,KZ,2021-10-28 21:51:02
405,Marawi,7.9986,124.2928,66.65,93,20,1.97,PH,2021-10-28 21:51:03
406,George Town,5.4112,100.3354,77.95,89,40,0.0,MY,2021-10-28 21:46:35
407,Champerico,14.3,-91.9167,88.34,76,16,7.65,GT,2021-10-28 21:51:04
408,Lithgow,-33.4833,150.15,69.48,52,76,17.6,AU,2021-10-28 21:52:04
409,Vung Tau,10.346,107.0843,80.28,82,75,13.04,VN,2021-10-28 21:52:05
410,Dingle,10.9995,122.6711,75.06,93,87,7.09,PH,2021-10-28 21:52:05
411,Ghiror,27.1833,78.8,67.82,55,0,0.11,IN,2021-10-28 21:52:06
412,Pyapon,16.2833,95.6833,75.06,95,49,6.51,MM,2021-10-28 21:48:36
413,Liaoyang,41.2719,123.1731,47.17,49,100,4.14,CN,2021-10-28 21:52:06
414,Kampene,-3.6,26.6667,68.18,99,100,2.06,CD,2021-10-28 21:52:07
415,Mabaruma,8.2,-59.7833,76.55,89,98,4.92,GY,2021-10-28 21:48:54
416,Diamantino,-14.4086,-56.4461,82.13,61,95,4.92,BR,2021-10-28 21:52:07
417,Quesnel,52.9999,-122.5029,43.3,61,90,4.61,CA,2021-10-28 21:50:23
418,Tsumeb,-19.2333,17.7167,67.55,58,12,8.05,NA,2021-10-28 21:52:08
419,Port-Gentil,-0.7193,8.7815,78.76,83,40,8.05,GA,2021-10-28 21:52:08
420,Porto Murtinho,-21.6989,-57.8825,87.31,47,23,7.38,BR,2021-10-28 21:52:09
421,Bismarck,46.8083,-100.7837,58.87,41,1,8.99,US,2021-10-28 21:52:01
422,Baracoa,20.3467,-74.4958,82.94,69,50,3.22,CU,2021-10-28 21:52:09
423,Maraba,-5.3686,-49.1178,84.38,84,0,1.14,BR,2021-10-28 21:52:10
424,Mahebourg,-20.4081,57.7,75.25,88,40,11.5,MU,2021-10-28 21:52:11
425,Hovd,48.0056,91.6419,33.64,55,29,4.03,MN,2021-10-28 21:52:11
426,Paamiut,61.994,-49.6678,33.31,72,100,15.95,GL,2021-10-28 21:47:53
427,Salinopolis,-0.6136,-47.3561,78.46,85,46,7.2,BR,2021-10-28 21:52:12
428,Pacific Grove,36.6177,-121.9166,85.3,60,1,3.0,US,2021-10-28 21:52:12
429,Sorong,-0.8833,131.25,80.62,82,92,9.73,ID,2021-10-28 21:52:12
430,Fortuna,40.5982,-124.1573,75.42,66,20,1.01,US,2021-10-28 21:52:13
431,Xai-Xai,-25.0519,33.6442,65.21,69,23,8.1,MZ,2021-10-28 21:52:13
432,Sur,22.5667,59.5289,77.02,67,0,2.15,OM,2021-10-28 21:52:14
433,Rio Do Sul,-27.2142,-49.6431,68.4,83,96,2.46,BR,2021-10-28 21:52:14
434,Tamandare,-8.7597,-35.1047,77.31,79,100,9.31,BR,2021-10-28 21:52:15
435,Albanel,48.8832,-72.4487,49.98,53,0,1.14,CA,2021-10-28 21:52:15
436,Vila Velha,-20.3297,-40.2925,76.95,78,20,8.05,BR,2021-10-28 21:51:59
437,Bowen,-20.0167,148.2333,73.62,62,3,9.53,AU,2021-10-28 21:52:16
438,Taoudenni,22.6783,-3.9836,85.35,30,97,6.17,ML,2021-10-28 21:52:16
439,Erenhot,43.6475,111.9767,43.72,47,100,9.69,CN,2021-10-28 21:52:17
440,Asau,46.4333,26.4,47.75,76,11,2.33,RO,2021-10-28 21:52:17
441,Maningrida,-12.0667,134.2667,84.07,68,81,3.74,AU,2021-10-28 21:52:18
442,Aksarka,66.5606,67.7975,23.22,97,100,9.64,RU,2021-10-28 21:52:18
443,Yagodnoye,62.55,149.6667,-1.7,97,48,5.21,RU,2021-10-28 21:52:19
444,Angoche,-16.2325,39.9086,75.34,70,12,16.22,MZ,2021-10-28 21:52:19
445,Ithaki,38.3642,20.7185,60.37,57,0,9.73,GR,2021-10-28 21:52:19
446,Beringovskiy,63.05,179.3167,6.24,85,24,6.29,RU,2021-10-28 21:49:07
447,Zhongxing,33.7039,118.6792,53.35,73,17,4.18,CN,2021-10-28 21:52:20
448,Rudbar,30.15,62.6,61.61,32,7,4.79,AF,2021-10-28 21:52:21
449,Noshiro,40.2039,140.0242,53.11,70,71,10.31,JP,2021-10-28 21:52:21
450,Augusto Correa,-1.0217,-46.635,76.41,86,92,3.29,BR,2021-10-28 21:52:21
451,Rawson,-43.3002,-65.1023,63.99,51,29,7.83,AR,2021-10-28 21:52:22
452,Tuscaloosa,33.2098,-87.5692,62.91,81,90,12.66,US,2021-10-28 21:51:46
453,Uyuni,-20.4597,-66.825,56.43,40,12,19.48,BO,2021-10-28 21:52:23
454,Sergeyevka,53.88,67.4158,35.6,64,63,15.77,KZ,2021-10-28 21:53:23
455,Cururupu,-1.8283,-44.8683,77.38,81,38,3.2,BR,2021-10-28 21:53:24
456,Lompoc,34.6391,-120.4579,91.71,25,1,11.5,US,2021-10-28 21:53:24
457,Baghdad,33.3406,44.4009,76.91,31,0,10.36,IQ,2021-10-28 21:51:00
458,Kosa,59.9445,54.9977,21.02,83,100,11.65,RU,2021-10-28 21:53:25
459,Cabedelo,-6.9811,-34.8339,81.27,73,73,15.1,BR,2021-10-28 21:53:25
460,Coahuayana,18.7333,-103.6833,86.77,67,18,5.32,MX,2021-10-28 21:53:26
461,Port Hedland,-20.3167,118.5667,68.05,88,3,5.75,AU,2021-10-28 21:53:26
462,Neyyattinkara,8.4,77.0833,76.86,88,99,1.81,IN,2021-10-28 21:53:26
463,Bandarbeyla,9.4942,50.8122,76.69,71,3,5.44,SO,2021-10-28 21:53:27
464,Vavoua,7.3819,-6.4778,72.01,96,78,3.31,CI,2021-10-28 21:53:27
465,Banepa,27.6298,85.5214,52.47,89,0,2.53,NP,2021-10-28 21:53:28
466,Yokadouma,3.5167,15.05,68.97,97,22,1.01,CM,2021-10-28 21:53:28
467,Whittlesea,-32.1759,26.8244,60.33,92,100,3.18,ZA,2021-10-28 21:53:29
468,Bara,10.3744,10.7288,79.61,29,4,1.48,NG,2021-10-28 21:53:29
469,Poya,-21.35,165.15,78.82,67,16,2.28,NC,2021-10-28 21:53:29
470,Tongliao,43.6125,122.2653,44.44,45,100,8.68,CN,2021-10-28 21:53:30
471,Port Hardy,50.6996,-127.4199,50.18,81,75,0.0,CA,2021-10-28 21:49:29
472,Saint-Francois,46.4154,3.9054,49.44,81,0,1.14,FR,2021-10-28 21:53:30
473,Birjand,32.8663,59.2211,45.07,26,0,6.91,IR,2021-10-28 21:50:14
474,Ishcherskaya,43.7153,45.1264,36.28,66,0,6.8,RU,2021-10-28 21:53:32
475,Lipin Bor,60.2622,37.9763,30.69,71,100,9.71,RU,2021-10-28 21:53:32
476,Echirolles,45.1333,5.7167,57.33,78,43,4.83,FR,2021-10-28 21:53:33
477,Sandy Bay,-42.913,147.3532,46.29,95,90,3.0,AU,2021-10-28 21:53:34
478,La Libertad,-2.2333,-80.9,74.86,78,40,14.97,EC,2021-10-28 21:53:34
479,Sioux Lookout,50.1001,-91.917,46.78,93,90,2.3,CA,2021-10-28 21:53:34
480,Goderich,43.7501,-81.7165,54.91,66,100,13.8,CA,2021-10-28 21:53:35
481,Narsaq,60.9167,-46.05,27.18,69,98,5.59,GL,2021-10-28 21:53:35
482,Sao Joao Da Barra,-21.6403,-41.0511,77.09,87,83,11.1,BR,2021-10-28 21:53:36
483,Vestmannaeyjar,63.4427,-20.2734,42.93,79,88,10.27,IS,2021-10-28 21:53:36
484,Igunga,-4.2833,33.8833,76.8,35,82,7.02,TZ,2021-10-28 21:53:36
485,Anadyr,64.75,177.4833,-3.5,84,0,8.95,RU,2021-10-28 21:53:37
486,Tazovskiy,67.4667,78.7,14.7,93,100,20.42,RU,2021-10-28 21:53:37
487,San Pedro,14.35,121.0167,79.36,79,75,0.0,PH,2021-10-28 21:53:38
488,Fethiye,36.6217,29.1164,58.87,55,0,4.38,TR,2021-10-28 21:53:38
489,Barcelona,41.3888,2.159,61.81,87,20,4.61,ES,2021-10-28 21:53:39
490,Kirakira,-10.4544,161.9205,85.98,69,32,9.53,SB,2021-10-28 21:53:40
491,Turukhansk,65.8167,87.9833,14.83,81,100,18.32,RU,2021-10-28 21:53:41
492,Poum,-20.2333,164.0167,76.35,77,4,9.22,NC,2021-10-28 21:53:41
493,Chisec,15.8167,-90.2833,89.83,92,56,1.68,GT,2021-10-28 21:53:42
494,Holland,42.7875,-86.1089,60.98,69,96,1.99,US,2021-10-28 21:51:08
495,Huancavelica,-12.7667,-74.9833,46.38,60,83,8.57,PE,2021-10-28 21:53:42
496,Olonets,60.9847,32.9698,41.23,94,100,10.2,RU,2021-10-28 21:53:43
497,Leningradskiy,69.3833,178.4167,4.33,90,100,7.09,RU,2021-10-28 21:53:43
498,Wanxian,30.8039,108.3897,62.89,85,100,2.06,CN,2021-10-28 21:53:44
499,Haines Junction,60.7522,-137.5108,35.55,51,91,1.14,CA,2021-10-28 21:53:44
500,Guilin,25.2819,110.2864,66.31,87,100,3.98,CN,2021-10-28 21:54:39
501,Amapa,1.0,-52.0,82.62,54,100,3.98,BR,2021-10-28 21:54:45
502,Pierre,44.3683,-100.351,62.28,34,0,1.99,US,2021-10-28 21:54:45
503,Montepuez,-13.1256,38.9997,72.91,53,88,8.14,MZ,2021-10-28 21:50:17
504,Fort Nelson,58.8053,-122.7002,36.99,65,75,10.36,CA,2021-10-28 21:54:46
505,Berezovyy,51.6667,135.7,31.51,82,16,3.33,RU,2021-10-28 21:54:46
506,Nelson Bay,-32.7167,152.15,78.78,65,100,1.99,AU,2021-10-28 21:54:47
507,Nurota,40.5614,65.6886,37.49,82,7,1.86,UZ,2021-10-28 21:54:47
508,Rivadavia,-33.1905,-68.4608,97.27,12,7,9.98,AR,2021-10-28 21:54:48
509,Lazaro Cardenas,17.9583,-102.2,83.66,69,3,5.57,MX,2021-10-28 21:54:48
510,Ptuj,46.4201,15.8702,41.72,93,90,2.3,SI,2021-10-28 21:54:49
511,Frontera,26.9333,-101.45,77.95,30,0,6.73,MX,2021-10-28 21:54:49
512,Mapulo,13.7317,121.1842,72.57,89,42,7.76,PH,2021-10-28 21:54:49
513,Yantzaza,-3.8278,-78.7594,74.19,96,40,0.81,EC,2021-10-28 21:54:50
514,Ossora,59.2353,163.0719,19.04,93,58,3.96,RU,2021-10-28 21:54:50
515,Jeremie,18.65,-74.1167,81.99,73,90,3.06,HT,2021-10-28 21:54:51
516,Pattoki,31.0167,73.85,67.95,34,0,2.37,PK,2021-10-28 21:54:51
517,Doka,13.5167,35.7667,76.06,60,11,5.23,SD,2021-10-28 21:54:52
518,Calvinia,-31.4707,19.776,57.78,76,18,6.35,ZA,2021-10-28 21:54:52
519,Nouakchott,18.0858,-15.9785,80.53,67,100,17.49,MR,2021-10-28 21:54:52
520,Arinos,-15.9169,-46.1056,80.56,31,18,3.18,BR,2021-10-28 21:54:53
521,Kaya,13.0917,-1.0844,87.57,35,81,6.51,BF,2021-10-28 21:54:53
522,Blackwater,-23.5833,148.8833,77.72,62,82,11.39,AU,2021-10-28 21:54:54
523,Guarapari,-20.6667,-40.4975,76.89,89,72,4.9,BR,2021-10-28 21:54:54
524,Deputatskiy,69.3,139.9,5.61,98,100,1.16,RU,2021-10-28 21:54:55
525,Kisanga,-7.4362,37.7034,75.27,76,2,4.23,TZ,2021-10-28 21:54:55
526,Hit,33.6416,42.8251,72.16,39,29,8.46,IQ,2021-10-28 21:54:56
527,Praia,14.9215,-23.5087,75.74,88,40,16.11,CV,2021-10-28 21:54:56
528,Broome,42.2506,-75.833,57.0,73,21,5.1,US,2021-10-28 21:54:57
529,Rabo De Peixe,37.8,-25.5833,69.31,78,20,13.8,PT,2021-10-28 21:54:57
530,Chumikan,54.7183,135.315,35.35,75,65,18.1,RU,2021-10-28 21:54:57
531,Hope,33.6671,-93.5916,62.08,68,100,18.32,US,2021-10-28 21:54:58
532,Miandrivazo,-19.5167,45.4667,73.76,75,0,5.64,MG,2021-10-28 21:54:58
533,Puerto Madero,14.7208,-92.4215,88.0,74,75,11.5,MX,2021-10-28 21:54:59
534,Betsiamites,48.9413,-68.646,44.69,74,0,5.03,CA,2021-10-28 21:54:59
535,Soyo,-6.1349,12.3689,76.66,80,10,7.94,AO,2021-10-28 21:55:00
536,Dolores,-36.3132,-57.6792,70.79,70,98,8.9,AR,2021-10-28 21:55:00
537,Ahuimanu,21.4447,-157.8378,81.54,78,98,8.81,US,2021-10-28 21:55:01
538,Nador,35.174,-2.9287,61.05,82,0,1.14,MA,2021-10-28 21:51:04
539,Sambava,-14.2667,50.1667,73.92,85,61,5.55,MG,2021-10-28 21:55:02
540,Tepelene,40.2958,20.0192,53.19,67,4,4.63,AL,2021-10-28 21:55:03
541,San Policarpo,12.1791,125.5072,79.41,82,97,5.88,PH,2021-10-28 21:55:03
542,Angren,41.0167,70.1436,43.2,95,97,2.1,UZ,2021-10-28 21:55:04
543,Xinzhi,36.4989,111.7047,54.81,74,78,2.75,CN,2021-10-28 21:55:05
544,Itoman,26.1247,127.6694,69.82,62,20,5.75,JP,2021-10-28 21:55:06
545,Eskisehir,39.7767,30.5206,43.27,93,12,4.68,TR,2021-10-28 21:55:06
546,Santa Rosa,14.3122,121.1114,80.11,76,46,12.24,PH,2021-10-28 21:55:07
547,Vao,-22.6667,167.4833,71.19,69,0,12.95,NC,2021-10-28 21:56:07
